Citation No.,Year,Authors,Title,Publisher,Methodology,Dataset,Performance/Accuracy,Salient Features,Limitations,Summary
1,2024,"D. Srivastava, S. Puri, S. D. Bhagat, and M. Verma","Emotify: An AI-Powered Emotion-Based Music Recommendation System",IEEE,"CNN-based facial emotion detection connected to a music recommendation layer","Facial emotion images and music metadata","Prototype-level emotion-aware recommendation with practical CNN integration","Direct mapping from detected mood to song suggestions; deployable demo architecture","Primarily image-centric and limited in multimodal fusion depth","Demonstrates that emotion-aware recommendation can be implemented in a lightweight end-to-end academic system."
2,2025,"A. Chikaraddi, S. G. Janakki, S. G. Kanakaraddi, and P. S. M.","Emotion-Driven Music Recommender System with Deep Learning and Streamlit Integration",IEEE,"Deep learning-based emotion detection wrapped in a Streamlit user interface","FER-style facial emotion data with curated music recommendations","Functional real-time pipeline and usable recommendation loop","Combines deep learning inference with modern lightweight app deployment","Still centered on a narrow input path and focused mostly on music response","Shows the feasibility of deployable emotion-aware recommendation using a web interface familiar to Python students."
3,2025,"M. A. Talaghat, E. Parvinnia, and R. Boostani","Content-based music recommender system based on music emotion using deep learning",Springer,"Deep learning for content-based music emotion understanding","Emotion-annotated music content datasets","Improved content-level recommendation relevance over simpler feature pipelines","Useful when user history is weak but content metadata is available","Focuses on item emotion rather than a broader lifestyle adaptation framework","Important for understanding how music-side emotion intelligence complements user-side mood detection."
4,2023,"B. Pan, K. Hirota, Z. Jia, and Y. Dai","A review of multimodal emotion recognition from datasets, preprocessing, features, and fusion methods",Elsevier,"Comprehensive survey of preprocessing, feature extraction, and fusion strategies","Survey across IEMOCAP, MELD, DEAP and related MER datasets","Survey paper synthesizing trends rather than a single benchmark","Strong reference for multimodal pipeline design and dataset choices","No directly deployable end-to-end system is validated","Provides conceptual backbone for choosing multiple modalities, fusion strategies, and evaluation criteria."
5,2024,"X. Zhu, C. Guo, H. Feng, and Y. Huang","A Review of Key Technologies for Emotion Analysis Using Multimodal Information",Springer,"Taxonomy of multimodal emotion analysis technologies and fusion methods","Speech, text, image, and physiological datasets","Survey paper summarizing performance trends and open issues","Highlights missing-modality handling, efficiency, synchronization, and cross-domain transfer","Does not directly present a low-resource practical system","Supports the need for fusion-aware and deployment-aware design in affective computing projects."
6,2024,"M. P. A. Ramaswamy and S. Palaniswamy","Multimodal emotion recognition: A comprehensive review, trends, and challenges",Wiley,"Comprehensive review of multimodal emotion recognition","Multiple multimodal emotion benchmarks","Survey-led trend analysis rather than direct experimentation","Emphasizes explainability, lightweight models, and generalization challenges","Broad review, so system-building details remain abstract","Reinforces the need for practical trade-offs between accuracy, transparency, and real-world deployability."
7,2023,"Z. Gou and Y. Li","Integrating BERT Embeddings and BiLSTM for Emotion Analysis of Dialogue",Wiley,"BERT word and sentence embeddings fused with BiLSTM sequence modeling","Dialogue emotion datasets","Outperformed baseline dialogue emotion classifiers on evaluated corpora","Captures context-sensitive emotion better than shallow text models","Text-only orientation and heavier inference demands than rule-based methods","Useful for motivating the optional free API upgrade path for richer text emotion understanding."
8,2026,"X. Du and L. Zhu","Self-Learning Multimodal Emotion Recognition Based on Multi-Scale Dilated Attention",MDPI,"EEG and facial analysis using multi-scale dilated attention with self-learning fusion","FER2013, CK+, and DEAP","High reported accuracy on multimodal DEAP and strong facial branch results","Shows the power of adaptive decision-level fusion in emotion recognition","Requires modalities and computation that may not fit low-cost student deployment","A strong advanced benchmark that inspires fusion design while revealing the cost of sophisticated architectures."
9,2025,"J. Wu, J. Wu, Y. Zheng, P. Zhan, and M. Han","MLGAT: multi-layer graph attention networks for multimodal emotion recognition in conversations",Springer,"Graph attention modeling over text, speech, and image modalities","Conversation-centric multimodal corpora such as MELD","Improved robustness and accuracy over traditional multimodal baselines","Models cross-utterance and cross-modality relationships effectively","Less suitable for low-resource single-file deployment","Important for understanding why relationship-aware multimodal fusion remains a future-scope direction."
10,2024,"B. Liu, J. Guo, C. L. P. Chen, X. Wu, and T. Zhang","Fine-Grained Interpretability for EEG Emotion Recognition: Concat-Aided Grad-CAM and Systematic Brain Functional Network",IEEE,"Grad-CAM-based interpretability with graph learning over brain functional networks","EEG emotion recognition benchmarks","State-of-the-art subject-dependent performance with improved interpretability","Shows that explainability can be deeply integrated into affective models","EEG-centric setup is not straightforward for everyday student use","Supports the argument that emotion AI must provide interpretable evidence, not only class labels."
11,2024,"M. Kaur and M. Kumar","Facial emotion recognition: A comprehensive review",Wiley,"Comprehensive FER survey","CK+, FER2013, RAF-DB and related datasets","Survey of model classes and domain applications","Synthesizes CNN, transfer learning, and in-the-wild recognition challenges","Does not directly address recommendation and lifestyle adaptation","Provides justification for image-based emotion analysis as one modality of the proposed system."
12,2024,"A. Katirai","Ethical considerations in emotion recognition technologies: a review of the literature",Springer,"Ethical literature review across emotion recognition technology contexts","Structured review of 43 studies","Not a benchmark paper; derives ethical themes and governance guidance","Highlights bias, privacy, data sensitivity, and contextual harm","Does not provide a concrete engineering implementation","Directly motivates the Ethical AI monitor used in the proposed project."
13,2024,"S. Davila-Gonzalez and S. Martin","Human Digital Twin in Industry 5.0: A Holistic Approach to Worker Safety and Well-Being through Advanced AI and Emotional Analytics",MDPI,"Human digital twin framework integrating safety, well-being, and emotional analytics","Conceptual and applied worker analytics context","Framework-level contribution with strong application significance","Introduces emotional analytics as part of a practical digital twin view of human state","Industrial scope differs from student lifestyle support","Provides the conceptual basis for the project’s Digital Emotional Twin logging idea."
14,2025,"F. Liu, Q. Cao, X. Huang, and H. Liu","Sentimentally enhanced conversation recommender system",Springer,"Emotion semantics, knowledge graph enhancement, and conversation-aware recommendation","Two public conversational recommender datasets","Strong improvements over baseline CRS approaches in public benchmarks","Shows that emotional semantics can meaningfully improve recommendation quality","Conversation-heavy architecture is more complex than needed for a low-resource prototype","Important evidence that affect-aware recommendation improves relevance beyond static recommendation logic."
15,2025,"Y. Yang, Z. Wang, L. Li, and D. Zeng","Emotion-Enhanced Dual-Agent Recommendation: Understanding and Leveraging Cognitive Conflicts for Better Personalization",MDPI,"Dual-agent recommendation guided by emotion and cognitive conflict modeling","Recommendation datasets with affective or cognitive-conflict signals","Reported improvements in personalization quality","Connects emotional reasoning and personalization in a richer decision process","Heavier recommendation logic and less focused on explainable single-app deployment","Supports the claim that emotion should influence recommendation ranking, not only classification."
16,2024,"Y. Li, J. Chan, G. Peko, and D. Sundaram","An explanation framework and method for AI-based text emotion analysis and visualisation",Elsevier,"Framework for explaining AI-based text emotion analysis and visualization","Text emotion analysis scenarios","Demonstrates practical explanation strategies for emotion analysis outputs","Bridges emotion AI and explanation design in user-facing systems","Focuses on text explanation rather than multimodal operational systems","Useful for motivating why the system should expose evidence, confidence, and reflective reasoning to users."
17,2024,"A. Shulner-Tal, T. Kuflik, D. Kliger, and A. Mancini","Who Made That Decision and Why? Users’ Perceptions of Human Versus AI Decision-Making and the Power of Explainable-AI",Taylor & Francis,"User-centered XAI analysis of perceived fairness and comprehensibility","Human-subject studies on decision perception","Shows explanations can reduce trust and fairness gaps between AI and human decisions","Demonstrates the behavioral value of transparent AI interfaces","Not an emotion recommendation model itself","Strengthens the case for embedding explainability and confidence disclosures in the project interface."
18,2025,"R. Muller","How Explainable AI Affects Human Performance: A Systematic Review of the Behavioural Consequences of Saliency Maps",Taylor & Francis,"Behavioral review of explainability impacts on human performance","Systematic review of saliency-map studies","Shows explanation quality influences human trust and task performance","Directly relevant to the use of Grad-CAM and saliency-like visual evidence","General XAI scope rather than specific mood recommendation deployment","Provides supporting evidence that explanation tools improve usability when designed responsibly."
